estimator,ate_estimate,standard_error,ci_lower_95,ci_upper_95,true_probability_ate,signed_bias,absolute_bias,ate_percentage_points
AIPW,0.15903890917743183,0.014461268377706078,0.1306948231571279,0.18738299519773574,0.15836461343754135,0.0006742957398904736,0.0006742957398904736,15.903890917743183
T-Learner,0.16005649371296754,,,,0.15836461343754135,0.0016918802754261886,0.0016918802754261886,16.005649371296755
IPW,0.15608880434572875,,,,0.15836461343754135,-0.002275809091812603,0.002275809091812603,15.608880434572875
Naive,0.1405599827839134,,,,0.15836461343754135,-0.017804630653627945,0.017804630653627945,14.05599827839134
