metric,value
mean_true_cate,0.1620855166114462
mean_estimated_cate,0.15932973237957496
mean_cate_bias,-0.0027557842318712555
cate_rmse,0.08256855022945456
cate_mae,0.06732059457184685
spearman_correlation,0.654661538960684
spearman_p_value,2.8598728000980487e-184
