policy,selected_customers,treatment_rate,policy_value,gain_over_treat_none,regret_vs_best_policy
Causal,1422,0.948,0.5387252723294587,0.1370856258386472,0.0
Treat All,1500,1.0,0.5387251631022577,0.13708551661144625,1.0922720095063454e-07
Predictive Risk,1422,0.948,0.5386980623205312,0.13705841582971973,2.721000892746961e-05
Treat None,0,0.0,0.40163964649081146,0.0,0.1370856258386472
