analysis,estimate,standard_error,ci_lower_95,ci_upper_95,target_effect,signed_error,absolute_error
Reference AIPW,0.15903890917743183,0.014461268377706078,0.1306948231571279,0.18738299519773574,0.15836461343754135,0.0006742957398904736,0.0006742957398904736
Placebo Treatment,-0.006247871052541415,0.014226330603645938,-0.03413147903568745,0.021635736930604624,0.0,-0.006247871052541415,0.006247871052541415
Omitted Confounders,0.15775754282153617,0.014306427488549775,0.12971694494397862,0.18579814069909373,0.15836461343754135,-0.0006070706160051786,0.0006070706160051786
